omega,real,imag,magnitude
0.0,4.018815494839386,0.0,4.018815494839386
0.05,3.9822302396900473,0.4584754370415493,4.008535569041678
0.1,3.8737652858444536,0.9037451818012399,3.977789944610263
0.15000000000000002,3.6972382081833994,1.3231250060695345,3.926860087873987
0.2,3.4588313151481938,1.704950291641267,3.856211815190839
0.25,3.1668299742630315,2.0390286565931657,3.7664904019921415
0.30000000000000004,2.831273423815837,2.317027037735971,3.6585138367929377
0.35000000000000003,2.4635342132820535,2.53277633420368,3.5332643234144623
0.4,2.075845637611904,2.6824806417467473,3.3918781677027274
0.45,1.6807988090779538,2.7648226317263904,3.235634222452271
0.5,1.2908322380055974,2.7809615281714763,3.0659411096504074
0.55,0.9177369164970509,2.734425167977562,2.884323499049757
0.6000000000000001,0.57219891892654,2.630902545561174,2.6924078084608514
0.65,0.2633995064697552,2.477947803582394,2.4919078268040575
0.7000000000000001,-0.0013102408386220094,2.2846106148574643,2.2846109905737686
0.75,-0.21664698703752333,2.061011117154657,2.07236645939552
0.8,-0.37953595608666285,1.8178798622281247,1.8570769331013626
0.8500000000000001,-0.48915076281592595,1.5660845207145535,1.640697776796548
0.9,-0.5468528575626391,1.3161652952097143,1.4252505506537783
0.9500000000000001,-0.5560359109539741,1.0779001391229825,1.2128662927923097
1.0,-0.5218848523786954,0.8599190165184927,1.0058948822379326
1.05,-0.45106310992789955,0.6693836758608835,0.8071755909632407
1.1,-0.35134469971422055,0.5117459000810164,0.6207471016984336
1.1500000000000001,-0.231210036969425,0.3905931239508905,0.4538954391411293
1.2000000000000002,-0.09942559510004298,0.30758589021680327,0.3232561350097799
1.25,0.03537222241450784,0.2624870753316263,0.2648596965087219
1.3,0.16506940087270536,0.253278383348914,0.3023207676894086
1.35,0.28242494423881903,0.27635550249181606,0.3951407507278947
1.4000000000000001,0.38136449509036585,0.326789742293632,0.5022254611067305
1.4500000000000002,0.45720487726562165,0.3986410885830267,0.606589661387443
1.5,0.506801262534869,0.4853055586645968,0.701690106085082
1.55,0.5286127437715877,0.5798785946418649,0.7846595550947879
1.6,0.5226862762751854,0.6755160352777343,0.8541211022587889
1.6500000000000001,0.49056301116750867,0.7657749429485338,0.9094302233671164
1.7000000000000002,0.43511478594568725,0.8449181711437035,0.9503744487713155
1.75,0.3603217742839726,0.9081689348990885,0.9770376632141132
1.8,0.27100487730349404,0.9519046494719536,0.9897303194348472
1.85,0.17252824671556638,0.9737827602671136,0.9889483606883558
1.9000000000000001,0.07048829435241716,0.972795008756929,0.9753454407045263
1.9500000000000002,-0.02959436372995551,0.9492503650615545,0.9497115782878902
2.0,-0.12256433736219453,0.9046905097649685,0.9129550565344563
2.0500000000000003,-0.2038881191167844,0.8417450792966157,0.8660861063641686
2.1,-0.2698660474212025,0.763936736302025,0.8102018394341822
2.15,-0.31779042886194425,0.675448354201985,0.7464725285437025
2.2,-0.34604383047656223,0.5808661152351344,0.6761299996592728
2.25,-0.35413491718556905,0.4849130559808824,0.600459999859065
2.3000000000000003,-0.3426725963354963,0.3921875386884299,0.5208028166031734
2.35,-0.31328246050506536,0.3069203081805887,0.438572657188949
2.4000000000000004,-0.26847242464167603,0.232762280065483,0.3553248117065043
2.45,-0.21145688970220966,0.17261309915909054,0.27296391373923123
2.5,-0.14595061702145196,0.12849793891332312,0.19445642934579113
2.5500000000000003,-0.0759446851196668,0.10149713575347043,0.1267645998064276
2.6,-0.005477381263264219,0.09173023122447135,0.09189361798295971
2.6500000000000004,0.06158734906483666,0.09839299731711318,0.11607835063386919
2.7,0.12176217487933151,0.11984320761671455,0.17084619294326653
2.75,0.17210916081762356,0.15372843543059558,0.2307682714267397
2.8000000000000003,0.2103748500239243,0.19714713378332138,0.2883133189458431
2.85,0.23508182410551573,0.24683277647032092,0.3408663720064273
2.9000000000000004,0.24557352947925384,0.2993499765255968,0.38719086614584974
2.95,0.24201185432829192,0.3512912752326874,0.4265856276177458
3.0,0.22532956526914608,0.3994637019185639,0.45863347254083586
3.0500000000000003,0.19714212532051636,0.4410551984684976,0.4831094137687404
3.1,0.15962548868700327,0.47377250796829107,0.49994068242655454
3.1500000000000004,0.11536809976190582,0.4959440432775869,0.5091859115344748
3.2,0.06720643796754548,0.506583458159435,0.5110220204502518
3.25,0.018054002164104938,0.505412007955617,0.5057343618737709
3.3000000000000003,-0.029266393263675666,0.4928401712286812,0.4937083715629905
3.35,-0.07217771303899384,0.4699112740505714,0.4754221573921125
3.4000000000000004,-0.10848296492410871,0.4382118911363842,0.4514401568447934
3.45,-0.1364719115949758,0.3997554865374493,0.4224086074776172
3.5,-0.1549953338436597,0.35684701764032184,0.38905442744184227
3.5500000000000003,-0.16350398351851564,0.3119370031089825,0.3521906394767419
3.6,-0.16205148728212695,0.26747382073200576,0.3127345988331424
3.6500000000000004,-0.1512625488870309,0.22576275739042154,0.2717520585392643
3.7,-0.13226973055551977,0.1888396119301634,0.2305551575115259
3.75,-0.10662376805474018,0.15836551023052434,0.19091428114409184
3.8000000000000003,-0.07618370219975076,0.13554811000091593,0.15549034248364338
3.85,-0.04299402741428861,0.12109264754916002,0.1284986991520369
3.9000000000000004,-0.009156526869107243,0.11518441757327855,0.11554779113423191
3.95,0.0232955280788031,0.11750239194556755,0.11978937240590286
4.0,0.052513573637827465,0.12726188429533858,0.13767084880473307
4.05,0.07693394611518681,0.14328255529950915,0.1626306327787338
4.1000000000000005,0.09535685710240036,0.16407671622616693,0.1897738101109047
4.15,0.10700038305744165,0.18795189399847648,0.21627527929019946
4.2,0.11152731524298104,0.21312101626742025,0.24053879026087513
4.25,0.10904439840858558,0.2378133819284108,0.26162164560394946
4.3,0.10007513628960313,0.2603797986471834,0.27894922915636533
4.3500000000000005,0.0855088630697924,0.27938586784186026,0.29217841948583045
4.4,0.06653008710439845,0.29368833112510434,0.3011296868944804
4.45,0.04453313635869929,0.3024905941767449,0.30575114030751
4.5,0.02102782303826163,0.3053749343604936,0.30609805598435974
4.55,-0.0024578319914002333,0.30231038843142194,0.30232037955066005
4.6000000000000005,-0.024471823417892766,0.2936368145439407,0.29465479632429054
4.65,-0.04372374885130162,0.2800270389523522,0.2834200218016255
4.7,-0.059156901225560665,0.2624302503685799,0.26901519524206485
4.75,-0.0700030028260001,0.24200082420346647,0.2519222485605709
4.800000000000001,-0.07581691139797452,0.22001749119224123,0.232714203443744
4.8500000000000005,-0.07648994369786659,0.19779817528542437,0.21207269893398883
4.9,-0.07224181476577982,0.17661589959535146,0.1908194324237668
4.95,-0.06359249925813443,0.15762090268255002,0.1699657463265988
5.0,-0.051316506627761604,0.14177354630515354,0.15077507182693237
5.050000000000001,-0.03638305667305955,0.12979177331681183,0.13479477450405014
5.1000000000000005,-0.019886391364648134,0.12211584859621841,0.12372448844057707
5.15,-0.0029709246662423527,0.11889195529284041,0.1189290688886752
5.2,0.013243905668780143,0.11997499808534182,0.12070377460105097
5.25,0.027734362597748724,0.12494976093333508,0.12799077164390016
5.300000000000001,0.03963441805679009,0.13316845221742477,0.13894144004106532
5.3500000000000005,0.048285434030006825,0.14380171100320438,0.15169184298081176
5.4,0.05327079033130966,0.15589939896610397,0.1647495059188792
5.45,0.05443376103373248,0.1684570035201401,0.1770333199577469
5.5,0.0518780452988745,0.1804832527694814,0.1877912035061403
5.550000000000001,0.04595146772322059,0.19106459848477997,0.19651264127294296
5.6000000000000005,0.03721440944097251,0.1994225484417619,0.20286514017210355
5.65,0.026395450945925256,0.20496039689151396,0.2066530525411267
5.7,0.014337447117297536,0.2072966701607813,0.20779189553394295
5.75,0.0019377728896664004,0.2062835205424237,0.20629262180492172
5.800000000000001,-0.00991325229056135,0.20200930500965047,0.2022523964789004
5.8500000000000005,-0.020391742332902238,0.1947856112037399,0.19585008932187395
5.9,-0.0287936484384735,0.18511997705196404,0.18734588357932527
5.95,-0.03457888771104956,0.17367643180633088,0.17708529707548415
6.0,-0.03740356706984506,0.16122671251307968,0.1655085485928858
6.050000000000001,-0.03713849572489314,0.1485955389946262,0.15316625631584582
6.1000000000000005,-0.03387309784063458,0.13660363358293237,0.14074068162894923
6.15,-0.027904791441510743,0.12601223498702685,0.12906494780466107
6.2,-0.019714829445001775,0.11747267994587714,0.1191155113060931
6.25,-0.00993244606275124,0.11148422770742922,0.11192580807084393
6.300000000000001,0.0007101348819798514,0.10836271045395574,0.10836503729745334
6.3500000000000005,0.011428736102811005,0.108221848605737,0.10882363954835711
6.4,0.021440883389707482,0.11096822323169733,0.11302060895133616
6.45,0.030018551516182726,0.11631000378781109,0.12012131541175507
6.5,0.03653658767189807,0.1237786452331825,0.1290584179914985
6.550000000000001,0.04051373432916705,0.1327619497287791,0.13880597236819892
6.6000000000000005,0.04164369700527557,0.14254618502347965,0.1485045870167494
6.65,0.039814379533441524,0.1523644065807777,0.15748046612308927
6.7,0.035114195008541974,0.161447775196898,0.16522224670765748
6.75,0.027825203305790303,0.16907651560998116,0.17135083912785712
6.800000000000001,0.018403672015370905,0.17462723031128657,0.17559431855797747
6.8500000000000005,0.007449453486441597,0.17761355881164503,0.17776971235557631
6.9,-0.00433373291232917,0.17771763550675385,0.17777046776972497
6.95,-0.0161844696002265,0.17481041716454185,0.17555802176340962
7.0,-0.027333237008310335,0.168959682848907,0.1711563036342971
7.050000000000001,-0.037052229765517794,0.16042530719513579,0.16464855577638818
7.1000000000000005,-0.04470220661473146,0.14964222129628307,0.15617644403274106
7.15,-0.04977341002039671,0.13719225274288438,0.14594213427837074
7.2,-0.05191799803793059,0.12376672923473106,0.13421505796940147
7.25,-0.05097199418057289,0.11012229623234804,0.12134687601347376
7.300000000000001,-0.04696544347164631,0.09703280439847672,0.10780128946316667
7.3500000000000005,-0.0401202203728372,0.08524034363643485,0.09421012825605599
7.4,-0.030835718472555382,0.07540852570058512,0.08146954818859928
7.45,-0.019663413280604954,0.06808094734199972,0.0708637087148846
7.5,-0.007271980807833908,0.06364741363317114,0.06406149363745342
7.550000000000001,0.005594766642731813,0.062319990575699646,0.06257062121428808
7.6000000000000005,0.018164434818309802,0.06412032099626609,0.06664354625117745
7.65,0.02968414096518042,0.06887891910926608,0.0750030247556825
7.7,0.03946712412228206,0.076246402730036,0.08585550544813338
7.75,0.04693496837205114,0.08571587555508801,0.0977246262630908
7.800000000000001,0.05165283378937438,0.09665498163750254,0.10959106128612264
7.8500000000000005,0.053355548249943596,0.108345562617815,0.12077075584769241
7.9,0.05196300129788217,0.12002839126689932,0.13079360922462374
7.95,0.04758396102416758,0.13095015955447853,0.13932759107259726
8.0,0.04050816317220721,0.1404097825442291,0.14613630047905232
