time,component_count,norm,hamiltonian,momentum_x,momentum_y,angular_momentum,peak_density
0.0,2,29.802404549014216,-0.7910745884876761,5.437168933986687e-06,-1.5046174370154483e-16,3.4673624568099806e-16,1.9568388123371019
0.1,2,29.802404549014337,-0.7910800467930171,5.437149140194527e-06,-3.656146566055618e-12,-6.348068570862653e-16,1.9014769165952081
0.2,2,29.80240454901446,-0.7910874323872776,5.436470511592586e-06,-2.2515322939398175e-10,7.5998575354514e-16,1.7706223388972095
0.3,2,29.80240454901458,-0.7910909577346535,5.433783688899053e-06,-9.870427392089098e-10,3.877431620654979e-15,1.6381827381951728
0.4,2,29.802404549014703,-0.7910926327574193,5.432347665765456e-06,-5.938837095709193e-10,1.369424635605629e-15,1.531150576969723
0.5,2,29.802404549014827,-0.7910935785135683,5.436458401049692e-06,-1.3978914380208263e-09,-1.9350709216763357e-15,1.4545275387678074
0.6,2,29.802404549014955,-0.7910936754124483,5.43747633288533e-06,-1.5251223894896526e-09,2.64419135412212e-15,1.4093876028190437
0.7000000000000001,2,29.802404549015083,-0.7910929232832251,5.439212203312602e-06,-9.517955867899275e-10,-1.4186005230219066e-15,1.3858509790332496
0.8,2,29.8024045490152,-0.7910916120781409,5.440129597361462e-06,-4.904640062142196e-10,-8.52839126497157e-15,1.3836765104297166
0.9,2,29.802404549015314,-0.791090081560041,5.439579830127062e-06,-2.2481730019285884e-10,-9.130473202664013e-15,1.3983772474939073
1.0,2,29.80240454901544,-0.7910885888998643,5.441339738265196e-06,-9.412874125980242e-11,-9.91497030299257e-15,1.4207378847164227
1.1,2,29.802404549015577,-0.7910872975686819,5.438973923688828e-06,-3.9849829165661266e-11,-3.2763022641559524e-15,1.447783111384819
1.2,2,29.802404549015694,-0.7910862966116521,5.443375583967947e-06,-2.0944032098901832e-11,1.5368731231104536e-15,1.4781778526069367
1.3,2,29.802404549015826,-0.7910856239173554,5.437859130555019e-06,-1.3846804020230252e-11,-1.2117415115403605e-15,1.5047599424034461
1.4000000000000001,2,29.802404549015943,-0.791085275348998,5.4403109681146e-06,-8.230745186972588e-12,-2.9120516270570015e-15,1.525198361986085
1.5,2,29.802404549016064,-0.7910852081378267,5.443126309628174e-06,-3.977493247958597e-12,3.1259147407445035e-14,1.5449548105025688
1.6,2,29.80240454901618,-0.7910853585910207,5.441279105479575e-06,-4.123177493875474e-12,-4.818538561660404e-14,1.5630940293222493
1.7,2,29.802404549016302,-0.7910856613305551,5.4216488608686845e-06,-7.381199601183552e-12,1.4659747448895945e-14,1.5751090659818772
1.8,2,29.80240454901643,-0.7910860559341867,5.364094231282979e-06,-9.340632108924274e-12,3.8981362557896464e-13,1.5797370964828972
1.9000000000000001,2,29.802404549016558,-0.7910864903683577,5.36426878677534e-06,-9.347887454337275e-12,-1.4594818138324167e-12,1.5880831517538194
2.0,2,29.802404549016675,-0.7910869212501224,5.213605912732899e-06,-1.0604692579803399e-11,-5.725847855748978e-13,1.59490392893463
2.1,2,29.802404549016803,-0.7910873127089921,5.216212643938238e-06,-1.3890586814460648e-11,4.3052448541955335e-12,1.5929877547006297
2.2,2,29.802404549016913,-0.7910876354407604,5.412614964674012e-06,-1.6433892007644557e-11,-1.1739903753998915e-12,1.5975223220502943
2.3000000000000003,2,29.802404549017037,-0.7910878737842967,5.404415274937958e-06,-1.6885234530028548e-11,-1.3826264487698872e-11,1.5988273791631242
2.4,2,29.802404549017158,-0.7910880236817486,5.278642378739392e-06,-1.785286328492841e-11,-4.80052128148771e-12,1.610464066980218
2.5,2,29.802404549017275,-0.7910880883064906,5.270449300518176e-06,-2.0400651654095547e-11,2.7578162193134248e-11,1.607678402019914
2.6,2,29.802404549017393,-0.7910880815333415,5.3442762439551755e-06,-2.248286192635396e-11,3.905733971919928e-11,1.5987347375261278
2.7,2,29.802404549017513,-0.791088028003409,5.461535916547275e-06,-2.4265745662832572e-11,9.15688152473143e-12,1.6105785338139968
2.8000000000000003,2,29.802404549017623,-0.7910879534011706,5.518456303746504e-06,-2.627856699605191e-11,-3.2638776121911295e-11,1.6085602427957606
2.9,2,29.802404549017737,-0.7910878791069538,5.4826123112659075e-06,-2.7297109884971693e-11,-6.634929693334624e-11,1.5942159233155395
3.0,2,29.802404549017847,-0.7910878142715337,5.4331407269518425e-06,-2.6885525056252746e-11,-5.6907912627038315e-11,1.5740206475834821
3.1,2,29.802404549017965,-0.7910877480698665,5.423408095758494e-06,-2.528229361975498e-11,-3.577541908550419e-11,1.5783113020705644
3.2,2,29.802404549018068,-0.7910876620246539,5.425157124103552e-06,-2.2733074103720163e-11,9.862445062014391e-12,1.5726601750055746
3.3000000000000003,2,29.80240454901818,-0.7910875465781514,5.395920773184173e-06,-2.0520434310111746e-11,1.0920875748859915e-11,1.5592564561853255
3.4,2,29.802404549018295,-0.7910874006093083,5.330065496895659e-06,-1.996141966997822e-11,5.015584302048293e-12,1.562147770969721
3.5,2,29.802404549018412,-0.7910872245433695,5.265802883081496e-06,-2.0385299351333153e-11,1.9149303453688815e-11,1.566339466396593
3.6,2,29.802404549018526,-0.7910870201042953,5.2475127966994845e-06,-2.014920348625271e-11,-4.294788266342997e-11,1.5636605284985814
3.7,2,29.802404549018636,-0.7910867913733561,5.273619319901869e-06,-1.912454569708011e-11,-2.5155778068247647e-11,1.555156461252372
3.8000000000000003,2,29.802404549018735,-0.791086543939928,5.297501386763623e-06,-1.8748609435792485e-11,2.523485028793973e-11,1.5670751570245744
3.9,2,29.802404549018853,-0.7910862866780392,5.287888159237323e-06,-2.022540121493499e-11,-3.486121981366441e-11,1.5764879336169395
4.0,2,29.802404549018956,-0.7910860383808569,5.271945974012797e-06,-2.312529508163852e-11,8.98595434173366e-12,1.5812078911369039
4.1,2,29.802404549019062,-0.7910858304227626,5.300359498372064e-06,-2.5681214967099297e-11,1.4484041136603176e-10,1.5881792458516033
4.2,2,29.802404549019162,-0.7910857046250527,5.379447356707414e-06,-2.7606779709477003e-11,-3.106158993210206e-11,1.5933984412238336
4.3,2,29.802404549019258,-0.7910857086391218,5.427745267748787e-06,-3.1062869290665596e-11,-2.514240551865221e-10,1.5970877642147472
4.4,2,29.802404549019357,-0.7910858931473678,5.323348066512085e-06,-3.5416092801499044e-11,5.50229349929876e-10,1.5996726957637069
4.5,2,29.802404549019467,-0.7910863041999828,4.920320450619924e-06,-4.282316688752896e-11,1.7736861458728104e-09,1.6110105157203911
4.6000000000000005,2,29.802404549019574,-0.7910869692365633,3.992236292426948e-06,-5.4359533367687174e-11,-3.331247604154708e-10,1.6255406310639338
4.7,2,29.802404549019684,-0.7910878845119252,2.763683704512575e-06,-6.036813843951494e-11,-7.329294636482242e-09,1.6387436971808138
4.8,2,29.80240454901979,-0.7910890079455316,3.750220566835422e-06,-8.754830627816235e-11,-8.553932909216577e-09,1.6507020112991593
4.9,1,29.802404549019894,-0.7910902662438164,1.1851657028501598e-05,-1.292156485976914e-10,1.1392642471769188e-08,1.6869910156909247
5.0,1,29.80240454902,-0.7910915750988895,2.6531248489410574e-05,-1.75515157962991e-10,4.6502929892250355e-08,1.7725627312436023
5.1000000000000005,1,29.8024045490201,-0.7910928948612719,3.279786837917352e-05,-1.7692349321696277e-10,4.910509334224433e-08,1.8462992105884721
5.2,1,29.802404549020217,-0.7910941889408379,1.1324260722854061e-05,-3.760252526019414e-10,-4.225752048628295e-08,1.908246217274269
5.3,1,29.802404549020324,-0.7910954174651563,-3.4977643867276174e-05,-1.311653216595765e-09,-2.1038272799214774e-07,1.9589647986728276
5.4,1,29.802404549020423,-0.791096548741159,-7.310010571545304e-05,-2.4896618620873223e-09,-2.971482408221926e-07,1.9993135930560473
5.5,1,29.802404549020522,-0.7910975247926854,-7.49653768664858e-05,-2.1406692390923965e-09,-8.227560984938598e-08,2.030549708103254
5.6000000000000005,2,29.802404549020622,-0.7910984734025979,-5.2392044013086045e-05,-1.5483603982291427e-09,5.046822152028618e-07,2.0542572552117044
5.7,1,29.802404549020732,-0.7910996244638122,-5.086454165351335e-05,-4.265386481516753e-09,1.1906862335507584e-06,2.071019751864243
5.8,1,29.802404549020828,-0.7911010749141036,-0.00010224659051885252,-8.605570422925979e-09,1.3769638116355176e-06,2.082293440427129
5.9,1,29.802404549020935,-0.7911028033428648,-0.0001886227367252347,-8.311056703957931e-09,4.620780694056595e-07,2.089166990997585
6.0,1,29.802404549021038,-0.7911046052202948,-0.00025938896138419365,-4.382376059264281e-09,-1.6790764733676591e-06,2.0930216333606526
6.1000000000000005,1,29.802404549021137,-0.7911062671433732,-0.00027600011128503385,-3.839012441275713e-09,-4.362982841156493e-06,2.0929797739185094
6.2,1,29.802404549021233,-0.791107333765272,-0.0002445895784335846,-6.607640129496772e-09,-6.159727525614778e-06,2.0884700953205884
6.3,1,29.802404549021333,-0.7911078519171706,-0.00021050917533330682,-8.744291402074111e-09,-5.485142486223726e-06,2.080984498396523
6.4,1,29.80240454902143,-0.7911077952996056,-0.0002113080459551407,-7.632683374225735e-09,-1.2281778857814452e-06,2.0702100932402656
6.5,1,29.802404549021528,-0.7911072791415525,-0.00024538443563862464,-3.806291393182448e-09,6.410952234185696e-06,2.0562733762423484
6.6000000000000005,1,29.80240454902162,-0.7911064058853244,-0.00027795675533338334,-1.878710381708615e-09,1.561024205228717e-05,2.039983177875717
6.7,1,29.802404549021716,-0.7911050607106285,-0.0002747482979758529,-2.150796207800454e-09,2.36239116917919e-05,2.021415344059586
6.8,1,29.802404549021805,-0.7911036788996885,-0.0002263593922255142,-2.4262550302189823e-09,2.653601884408663e-05,2.000213485185645
6.9,1,29.80240454902191,-0.7911021150852383,-0.00015800719157219078,-2.2240327635092427e-09,2.1325603262109527e-05,1.9762625207823592
7.0,1,29.802404549022,-0.7911006032481617,-0.00010510342294278729,-1.9250517846458592e-09,6.289114222457481e-06,1.952069475332975
7.1000000000000005,1,29.802404549022082,-0.7910992814952795,-7.927981319149442e-05,-1.2739045929244242e-09,-1.7843368702377682e-05,1.9275598950117026
7.2,2,29.802404549022164,-0.7910977295326145,-7.378766341690677e-05,-5.097089417205325e-10,-4.71299898798655e-05,1.8996824337256915
7.3,2,29.802404549022256,-0.7910963286092211,-7.461043788848038e-05,-2.470509907759322e-10,-7.499480195877206e-05,1.8708997730115444
7.4,2,29.80240454902233,-0.7910952760989031,-7.331358633709496e-05,-2.7468374796946193e-10,-9.384466054009055e-05,1.84381624643944
7.5,2,29.802404549022416,-0.7910940145247668,-6.870059313201344e-05,-2.5212262833029797e-10,-9.578396966899994e-05,1.8154299998676209
7.6000000000000005,2,29.802404549022494,-0.7910927206185701,-6.409882973079173e-05,-1.6175671913032375e-10,-7.69327850820567e-05,1.7850156667573034
7.7,2,29.802404549022565,-0.7910917821091722,-6.064447501312551e-05,-1.1602663274601355e-10,-3.7584586508321305e-05,1.7555004973667527
7.8,2,29.802404549022654,-0.7910908678668322,-5.7700537925539554e-05,-1.1844136782457326e-10,1.917623771163779e-05,1.7271463754516212
7.9,2,29.802404549022725,-0.7910898729253333,-5.534941792831403e-05,-1.1180084635853405e-10,7.899414431328244e-05,1.6974080887531746
8.0,2,29.8024045490228,-0.7910891182975943,-5.3851306990650724e-05,-6.750919268050382e-11,0.00013799303430761523,1.666738961988417
8.1,2,29.802404549022874,-0.7910885792738702,-5.273326884984442e-05,-2.0290019664415126e-11,0.0001788543002395615,1.6361838005667104
8.2,2,29.802404549022953,-0.7910879821633354,-5.1762115146585636e-05,-9.760248165235907e-12,0.00019437444811476468,1.6047028794192728
8.3,2,29.802404549023038,-0.7910873668585526,-5.136976627231654e-05,-1.236441504737229e-11,0.00019530145334359372,1.5729199559792724
8.4,2,29.802404549023116,-0.7910868530134347,-5.1547947899648245e-05,-1.0120376758848693e-11,0.0001595959778395717,1.5436843545887398
8.5,2,29.802404549023198,-0.7910864159200663,-5.184480201655332e-05,-5.796058077933708e-12,0.0001184306291250603,1.5167201073509893
8.6,2,29.80240454902327,-0.7910860149412372,-5.2070040661637056e-05,-3.4340585930436873e-12,7.836907706948448e-05,1.4856796761321838
8.700000000000001,2,29.802404549023354,-0.791085742645058,-5.2240363714033285e-05,-2.052524816775758e-12,2.1224200137670568e-05,1.4495447350106283
8.8,2,29.802404549023432,-0.7910855573215707,-5.230255203701273e-05,-1.7409684804903236e-12,-4.70615036107791e-06,1.4133250659127112
8.9,2,29.80240454902351,-0.7910853155419721,-5.224131051778658e-05,-2.253058850598677e-12,-1.1675221111423495e-05,1.3806188683115628
9.0,2,29.802404549023585,-0.7910850434065219,-5.2183399133640335e-05,-3.8968828164342995e-12,-3.413870008836528e-05,1.350239809661938
9.1,2,29.802404549023663,-0.7910848484152639,-5.21480859819103e-05,-4.31044089310717e-12,-3.2864598078358176e-05,1.3235815209180228
9.200000000000001,2,29.80240454902375,-0.7910847644598732,-5.211436435657553e-05,-2.6652291484907664e-12,-1.532505393003758e-05,1.2994648650077432
9.3,2,29.80240454902384,-0.7910846587113928,-5.2119424813511835e-05,-1.664640647547344e-12,-2.1180127089681644e-05,1.2753821519042816
9.4,2,29.80240454902392,-0.791084505318734,-5.215852031893644e-05,-1.579986141919676e-12,-2.862082961185841e-05,1.2540259430738248
9.5,2,29.802404549023997,-0.7910843875522582,-5.2179299152191154e-05,-1.8020307468447072e-12,-1.8055187451376797e-05,1.235346455261093
9.6,2,29.802404549024082,-0.7910843282551322,-5.2179785188359064e-05,-1.6528445279107018e-12,-1.7951926939430152e-05,1.2157384295695501
9.700000000000001,2,29.802404549024164,-0.7910843472537535,-5.217296308571064e-05,-1.5980272660698347e-12,-4.484682080141411e-05,1.1929068809878418
9.8,2,29.802404549024246,-0.7910843186271332,-5.216318050948587e-05,-2.401898124837487e-12,-8.510974031442076e-05,1.176481506221341
9.9,2,29.80240454902433,-0.7910841927921284,-5.2154307844925335e-05,-2.0046464488387983e-12,-0.0001173509567652109,1.1663030531176053
10.0,2,29.80240454902442,-0.791084165262392,-5.215094039589738e-05,-2.4695523404005826e-12,-0.00013265071523230199,1.1550952823974905
10.1,2,29.80240454902451,-0.7910842187290175,-5.2151513989218655e-05,-2.8841512511590395e-12,-0.0001554606167304684,1.14488446190698
10.200000000000001,2,29.80240454902459,-0.7910842168271336,-5.2148812039768885e-05,-3.2182589926321725e-12,-0.0001965197078249159,1.1362480993371729
10.3,2,29.802404549024686,-0.791084204347817,-5.214900012729187e-05,-2.627412176714472e-12,-0.0002143532538453896,1.1283978679851836
10.4,2,29.802404549024764,-0.7910842254960397,-5.2150581667572554e-05,-2.3189783426857957e-12,-0.00019050670957143634,1.1198383847138247
10.5,2,29.802404549024853,-0.791084324997984,-5.2151411777988724e-05,-3.0721952759549254e-12,-0.00019291581853028705,1.1103897559870013
10.6,2,29.802404549024946,-0.7910845386885749,-5.2151900018903435e-05,-4.745162596186958e-12,-0.0002941603698070061,1.1080213270060741
10.700000000000001,2,29.80240454902502,-0.7910846477979158,-5.2151488136482904e-05,-7.729580864257457e-12,-0.0004587714969365303,1.1076791031339928
10.8,2,29.80240454902511,-0.7910845317140311,-5.215309179643947e-05,-9.0951551845464e-12,-0.0005978588086662934,1.1145068536912748
10.9,2,29.802404549025184,-0.7910844269776921,-5.2153829947819766e-05,-9.837269887569278e-12,-0.000709736195049146,1.1264371403336801
11.0,2,29.80240454902527,-0.7910845033770431,-5.2154839629394226e-05,-9.689471447416054e-12,-0.0008710075831856734,1.1331846069665952
11.1,2,29.80240454902536,-0.7910846479672727,-5.215747624657749e-05,-1.2980935770734447e-11,-0.0010820513993640979,1.1305644456481292
11.200000000000001,2,29.80240454902544,-0.7910848731129836,-5.2157798396826674e-05,-1.3239756513350187e-11,-0.0012234194654948266,1.1224829112471577
11.3,2,29.802404549025518,-0.7910852112708543,-5.2160698085605695e-05,-1.649756720123463e-11,-0.0011938624744481374,1.1254666645547042
11.4,2,29.802404549025606,-0.7910854528333603,-5.21639626423296e-05,-2.0325408023325053e-11,-0.0010151927027846758,1.1318211143592434
11.5,2,29.80240454902568,-0.791085422144747,-5.21677998090251e-05,-2.1068563560433518e-11,-0.000770682295641624,1.142442661028104
11.6,2,29.802404549025763,-0.7910853451242197,-5.216786801501283e-05,-2.261142661996729e-11,-0.0004741582540681438,1.1548458126301848
11.700000000000001,2,29.80240454902584,-0.7910854492553221,-5.216560752096394e-05,-1.9773072068574038e-11,-5.240550563457777e-05,1.1642845321116495
11.8,2,29.80240454902592,-0.7910856746611223,-5.216173488828066e-05,-2.096153112196575e-11,0.0005275729835766373,1.1681891574297767
11.9,2,29.802404549025997,-0.7910858587497506,-5.216094000146804e-05,-2.004438282021681e-11,0.0011707050602068232,1.1686984434425787
12.0,2,29.802404549026072,-0.7910860171019649,-5.216427230053146e-05,-1.810114558242759e-11,0.0017137125879382624,1.1777938885259343
12.1,2,29.802404549026164,-0.7910860944433273,-5.217540067401459e-05,-2.787110819912897e-11,0.0020833853918677137,1.1911309745304615
12.200000000000001,2,29.802404549026228,-0.791086041571615,-5.218971111460753e-05,-3.583539714968609e-11,0.002353868721721112,1.2040795925505754
12.3,2,29.802404549026317,-0.7910859984774723,-5.219261822024014e-05,-3.5430859635088296e-11,0.002650484090427341,1.2165720907817694
12.4,2,29.802404549026395,-0.7910861612586892,-5.219130668867103e-05,-3.7360566029764897e-11,0.0029931531185242027,1.2266961459565537
12.5,2,29.802404549026473,-0.7910865402477487,-5.219081352838412e-05,-2.7288067638853164e-11,0.003257364558889933,1.2310421298230518
12.6,2,29.80240454902655,-0.7910868203254923,-5.218967917266712e-05,-2.6579086154221443e-11,0.0032567063491396875,1.2270189695614884
12.700000000000001,2,29.802404549026623,-0.7910868323056591,-5.219134464047419e-05,-2.4297057421573953e-11,0.0028931419531478403,1.2162626337599634
12.8,2,29.80240454902671,-0.7910867272034501,-5.219359173278676e-05,-1.3941452159382806e-11,0.002230276991501551,1.219821258785007
12.9,2,29.802404549026797,-0.791086700553845,-5.220855683685591e-05,-8.004708007547379e-12,0.0014488848671362353,1.230468585095068
13.0,2,29.802404549026885,-0.7910867659418874,-5.2228438059522334e-05,-8.07635208710522e-12,0.0007217416315583036,1.245087554204469
13.1,2,29.80240454902696,-0.791086749860117,-5.224551290401204e-05,-8.138628659892788e-12,9.143338255551692e-05,1.2571262487307098
13.200000000000001,2,29.802404549027038,-0.7910866266420112,-5.225575911023926e-05,-9.306531240094174e-12,-0.0005220023433220866,1.2629057635937826
13.3,2,29.802404549027123,-0.7910866108001655,-5.2259490368467e-05,-1.2506055219185797e-11,-0.0012775345422849638,1.264801061065728
13.4,2,29.8024045490272,-0.7910867790042008,-5.226499650979981e-05,-1.4412863263979503e-11,-0.002277045300137781,1.264238689233831
13.5,2,29.802404549027273,-0.791086974796493,-5.226069669721049e-05,-1.5327409480514476e-11,-0.003510202249436961,1.264745687162709
13.6,2,29.80240454902736,-0.7910870567162929,-5.224153567942938e-05,-1.5991114682423202e-11,-0.0048931976873313465,1.2669250627008362
13.700000000000001,2,29.80240454902744,-0.7910869797494631,-5.222537707151413e-05,-1.5412020618055244e-11,-0.006258808183318837,1.2648744181052398
13.8,2,29.80240454902753,-0.7910868316245853,-5.222449417346259e-05,-8.379451646445268e-12,-0.007538054891697427,1.2740890583166031
13.9,2,29.802404549027607,-0.7910867157166875,-5.223054216699219e-05,-5.214188456004187e-12,-0.008684263252579927,1.284969163384911
14.0,2,29.802404549027695,-0.7910866162573731,-5.223712357172762e-05,-3.467755596564537e-12,-0.009710043608297803,1.2853499600427805
14.1,2,29.802404549027777,-0.7910865297403896,-5.224446487936754e-05,-3.0033701220455455e-12,-0.010716176671736466,1.2766698504090306
14.200000000000001,2,29.802404549027862,-0.7910865300218575,-5.2248633885436727e-05,-3.178143512250209e-12,-0.011675326998952795,1.2737787066574524
14.3,2,29.802404549027944,-0.7910866555435575,-5.224777664780515e-05,-7.305614446728725e-12,-0.01262240891782146,1.2694003741540627
14.4,2,29.802404549028026,-0.7910868933321303,-5.2249898623707436e-05,-7.477178598502832e-12,-0.01358958825288109,1.2643189926361045
14.5,2,29.802404549028118,-0.791087167884479,-5.224549868487402e-05,-6.553828660327277e-12,-0.01449941568882479,1.260304306361879
14.6,2,29.80240454902821,-0.7910872847951401,-5.223811166679346e-05,-6.630243229444055e-12,-0.015473432496025674,1.257611975192477
14.700000000000001,2,29.802404549028296,-0.7910871439456392,-5.2235233609972814e-05,-6.34939149868341e-12,-0.016554299783430593,1.2579252810989354
14.8,2,29.802404549028378,-0.7910868457005652,-5.2241209031215693e-05,-4.511755552494279e-12,-0.017645619641881716,1.268800763698036
14.9,2,29.802404549028473,-0.7910865879608255,-5.2239983860556324e-05,-2.6156160570778297e-12,-0.01883792836670506,1.2882404160994751
15.0,2,29.80240454902856,-0.7910864316239731,-5.223552104402507e-05,-2.8650692929232946e-12,-0.020037115212295786,1.3080779527594504
